{
    "package_version": "1.0",
    "id": "36ea733c-1097-44bf-bfb4-918dd537e3c2",
    "type": "client-app",
    "name": "sampletile-carousel",
    "description": "Description for sampletile-carousel",
    "minimum_version": "0070300000",
    "icon_16": "extension-16.png",
    "icon_48": "extension-48.png",
    "icon_128": "extension-128.png",
    "released_on": "2016-07-19T21:06:09.347Z",
    "register_url": "%serviceURL%/jive/oauth/register",
    "unregister_url": "%serviceURL%/jive/oauth/unregister",
    "service_url": "https://05adce0c.ngrok.io",
    "redirect_url": "%serviceURL%",
    "releasedOn": "2016-07-19T21:06:09.347Z"
}