{
    "integrationUser": {
        "systemAdmin": false
    },
    "tiles": [
        {
            "sampleData": {
                "title": "Watch this place!",
                "contents": [
                    {
                        "text": "--"
                    }
                ],
                "config": {
                    "listStyle": "contentList"
                }
            },
            "displayName": "Watch this place!",
            "name": "Webhooks",
            "description": "Watch a place with a webhook.",
            "style": "LIST",
            "icons": {
                "16": "http://ctflyfishing.com/wp-content/uploads/2011/11/set-fishing-hook1.jpg",
                "48": "http://ctflyfishing.com/wp-content/uploads/2011/11/set-fishing-hook1.jpg",
                "128": "http://ctflyfishing.com/wp-content/uploads/2011/11/set-fishing-hook1.jpg"
            },
            "config": "http://127.0.0.1:8090/webhooks/configure",
            "unregister": "http://127.0.0.1:8090/unregister",
            "register": "http://127.0.0.1:8090/registration"
        }
    ]
}