{
    "integrationUser": {
        "systemAdmin": false
    },
    "tiles": [
        {
            "displayName": "nagendra-custom",
            "name": "nagendra-custom",
            "description": "nagendra-custom",
            "style": "CUSTOM_VIEW",
            "displayWidth": "ALL",
            "dataProviderKey": "internal",
            "pageTypes": [
                "PLACE",
                "USER"
            ],
            "icons": {
                "16": "https://developer.jivesoftware.com/DeveloperAssets/images/icons/jivedev-xsmall.png",
                "48": "https://developer.jivesoftware.com/DeveloperAssets/images/icons/jivedev-small.png",
                "128": "https://developer.jivesoftware.com/DeveloperAssets/images/icons/jivedev-med.png"
            },
            "config": "https://jcs.ngrok.io/nagendra-custom/configuration.html?ts=1470681600193",
            "view": "https://jcs.ngrok.io/nagendra-custom/view.html?feature=corev3&ts=1470681600193",
            "id": "530a2262-4515-41e4-9df1-3a93fc81fa55",
            "definitionDirName": "nagendra-custom"
        }
    ]
}