{
    "integrationUser": {
        "systemAdmin": false
    },
    "tiles": [
        {
            "displayName": "nagendra-custom",
            "name": "nagendra-custom",
            "description": "nagendra-custom",
            "style": "CUSTOM_VIEW",
            "displayWidth": "ALL",
            "dataProviderKey": "internal",
            "pageTypes": [
                "PLACE",
                "USER"
            ],
            "icons": {
                "16": "https://developer.jivesoftware.com/DeveloperAssets/images/icons/jivedev-xsmall.png",
                "48": "https://developer.jivesoftware.com/DeveloperAssets/images/icons/jivedev-small.png",
                "128": "https://developer.jivesoftware.com/DeveloperAssets/images/icons/jivedev-med.png"
            },
            "config": "https://55c78bb3.ngrok.io/nagendra-custom/configuration.html",
            "view": "https://55c78bb3.ngrok.io/nagendra-custom/view.html?feature=corev3"
        }
    ]
}