{
    "package_version": "1.0",
    "id": "8c021e99-cbf1-4780-9a41-192f81db759c",
    "type": "client-app",
    "name": "FICO-UsernameFix-Tile",
    "description": "FICO-UsernameFix-Tile",
    "minimum_version": "0070300000",
    "icon_16": "extension-16.png",
    "icon_48": "extension-48.png",
    "icon_128": "extension-128.png",
    "released_on": "2016-08-05T23:14:12.028Z",
    "register_url": "%serviceURL%/jive/oauth/register",
    "unregister_url": "%serviceURL%/jive/oauth/unregister",
    "service_url": "https://jcs.ngrok.io",
    "redirect_url": "%serviceURL%",
    "releasedOn": "2016-08-05T23:14:12.028Z"
}