{
    "package_version": "1.0",
    "id": "081aa167-1fc3-43e0-8de5-d77cfd99c4d7",
    "type": "client-app",
    "name": "Bushan-custom-tile",
    "description": "Description for sampletile-app-external",
    "minimum_version": "0070300000",
    "icon_16": "extension-16.png",
    "icon_48": "extension-48.png",
    "icon_128": "extension-128.png",
    "released_on": "2016-08-06T18:44:22.905Z",
    "register_url": "%serviceURL%/jive/oauth/register",
    "unregister_url": "%serviceURL%/jive/oauth/unregister",
    "service_url": "https://jcs.ngrok.io",
    "redirect_url": "%serviceURL%",
    "releasedOn": "2016-08-06T18:44:22.905Z"
}